{
    "Actors": {
        "assistant": 106.05151862567162,
        "discrimination": 47.82715545863622,
        "gender": 45.747713916956386,
        "former": 39.23317012046905,
        "de": 36.19027945192165,
        "brendan": 35.309853108422146,
        "jury": 33.27106466687737,
        "ex": 31.191623125197538,
        "court": 31.191623125197538,
        "fraser": 30.498475944637594
    },
    "Movie Review": {
        "devery": 68.62157087543459,
        "jacobs": 68.62157087543459,
        "reservation": 31.191623125197538,
        "slams": 22.873856958478193,
        "dogs": 18.021826694558577,
        "indigenous": 18.021826694558577,
        "osage": 16.635532333438686,
        "spielberg": 12.476649250079015,
        "review": 11.090354888959125,
        "palm": 11.090354888959125
    },
    "Production": {
        "intermissions": 26.33959286127792,
        "sound": 16.635532333438686,
        "intermission": 15.249237972318797,
        "costume": 12.476649250079014,
        "handful": 10.39720770839918,
        "theaters": 8.930068955668977,
        "paramount": 8.827463277105537,
        "screenings": 8.317766166719343,
        "inserting": 8.317766166719343,
        "tonight": 8.317766166719343
    },
    "Scorsese": {
        "joe": 11.090354888959125,
        "russo": 11.090354888959125,
        "spielberg": 11.090354888959125,
        "martin": 11.083105587835373,
        "francesca": 10.39720770839918,
        "steven": 9.704060527839234,
        "scorsese": 9.614260268965625,
        "chanel": 8.317766166719343,
        "wolf": 8.317766166719343,
        "john": 8.317766166719343
    },
    "Financial Performance": {
        "box": 34.3102649349387,
        "office": 33.37025767644723,
        "global": 29.112181583517703,
        "swift": 16.635532333438686,
        "eras": 16.635532333438686,
        "taylor": 13.862943611198906,
        "nights": 13.731609542164167,
        "beats": 12.476649250079015,
        "million": 12.220094360389126,
        "theatrical": 9.704060527839234
    },
    "Themes Covered": {
        "osage": 30.498475944637594,
        "native": 22.873856958478193,
        "indigenous": 18.021826694558577,
        "murders": 14.712438795175892,
        "warns": 12.476649250079014,
        "oil": 11.090354888959125,
        "watching": 11.090354888959125,
        "geoffrey": 10.39720770839918,
        "standing": 10.39720770839918,
        "speak": 10.39720770839918
    },
    "Other Movies": {
        "napoleon": 20.79441541679836,
        "malkovich": 20.79441541679836,
        "john": 18.021826694558577,
        "box": 17.39013428209222,
        "office": 17.39013428209222,
        "ayo": 16.635532333438686,
        "edebiri": 16.635532333438686,
        "opus": 16.635532333438686,
        "a24": 15.249237972318797,
        "ridley": 11.78350206951907
    },
    "Unrelated": {
        "strikes": 9.704060527839234,
        "country": 8.317766166719343,
        "fried": 6.238324625039507,
        "host": 6.238324625039507,
        "lachman": 6.238324625039507,
        "broke": 6.238324625039507,
        "gift": 6.238324625039507,
        "chalamet": 5.884975518070357,
        "quarter": 5.545177444479562,
        "deal": 4.1588830833596715
    }
}